{
  "model": "kaya.fbx",
  "x": -47.23294615605267,
  "y": -5.5,
  "z": -33.804505499237855,
  "scale": 0.02,
  "velocity": 2,
  "cameraX": -64.46125329290551,
  "cameraY": 7.787605442016609,
  "cameraZ": 1.6913550461581721,
  "cameraZoom": 1
}