{
  "meta": {
    "ground": {
      "texture": "sand_ground.jpg",
      "width": 5000,
      "height": 5000
    },
    "sky": {
      "texture": "sky_with_clouds.jpg"
    }
  },
  "objects": [
    {
      "type": "wall",
      "texture": "light_wall_stone.jpg",
      "x": -8.431792641231269,
      "y": 1,
      "scaleX": 180.44005094851673,
      "scaleY": 50,
      "name": "w1",
      "z": 52.179575303156696,
      "rotateX": -3.141592653589793,
      "rotateY": 0.06075107446602605,
      "rotateZ": -3.141592653589793,
      "scaleZ": 1
    },
    {
      "type": "wall",
      "texture": "light_wall_stone.jpg",
      "x": 140,
      "y": 1,
      "z": 150,
      "rotateY": -0.9116162822092242,
      "name": "w2",
      "scaleX": 300,
      "scaleY": 50,
      "rotateX": -1.9972244904011136e-16,
      "rotateZ": -2.9542109035278885e-17,
      "scaleZ": 1
    }
  ]
}